SET FOREIGN_KEY_CHECKS=0;
SET SQL_MODE = "NO_AUTO_VALUE_ON_ZERO";
START TRANSACTION;

/*!40101 SET @OLD_CHARACTER_SET_CLIENT=@@CHARACTER_SET_CLIENT */;
/*!40101 SET @OLD_CHARACTER_SET_RESULTS=@@CHARACTER_SET_RESULTS */;
/*!40101 SET @OLD_COLLATION_CONNECTION=@@COLLATION_CONNECTION */;
/*!40101 SET NAMES utf8mb4 */;

-- 9 Iron, 9 Wood, 9 Food (3 Honey, 2 Tomatoes, 2 Cucumbers, 1 Raspberry, 1 Mushroom)

INSERT INTO `camps` (`id`, `latitude`, `longitude`, `title`, `display_id`, `resource_id`) VALUES
-- food
( 1, NULL, NULL, 'Rough Berry'        ,  1, 10),
( 4, NULL, NULL, 'Savory Cherries'    ,  4, 7),
( 7, NULL, NULL, 'Squishy Red Umami'  ,  7, 7),
(10, NULL, NULL, 'Yeasty Fungi'       , 10, 9),
(13, NULL, NULL, 'The Green Water'    , 13, 8),
(16, NULL, NULL, 'Baby Pickles'       , 16, 8),
(19, NULL, NULL, 'Hexagon Candy'      , 19, 5),
-- iron
( 2, NULL, NULL, 'Adamantium Well'    ,  2, 3),
( 5, NULL, NULL, 'Lost Ingot'         ,  5, 3),
( 8, NULL, NULL, 'Steal the Steel'    ,  8, 3),
(11, NULL, NULL, 'Ingot Foundation'   , 11, 3),
(14, NULL, NULL, 'Groundbreaking'     , 14, 3),
(17, NULL, NULL, 'Steel of Legend'    , 17, 3),
(20, NULL, NULL, 'Iron Will'          , 20, 3),
-- wood
( 3, NULL, NULL, 'Celluloose'         ,  3, 1),
( 6, NULL, NULL, 'Bamboozal'          ,  6, 1),
( 9, NULL, NULL, 'Birch Song'         ,  9, 1),
(12, NULL, NULL, 'Monogamous Mahogany', 12, 1),
(15, NULL, NULL, 'Maple Stirrup'      , 15, 1),
(18, NULL, NULL, 'Oakloan'            , 18, 1),
(21, NULL, NULL, 'Pine Line'          , 21, 1),
(24, NULL, NULL, 'Lumber Jacket'      , 24, 1);

INSERT INTO `expansions` (`id`, `show_code`, `reward_code`, `owner_team_id`, `rewarded_team_id`, `showed`, `rewarded`, `camp_id`, `assignment_period_id`) VALUES
(NULL, 'HEATHEN', 'PERCENT', NULL, NULL, NULL, NULL, '1', NULL),
(NULL, 'HOTSHOE', 'FASHION', NULL, NULL, NULL, NULL, '1', NULL),
(NULL, 'HOTSHOT', 'THEATER', NULL, NULL, NULL, NULL, '1', NULL),
(NULL, 'HOTSEAT', 'GRAPHIC', NULL, NULL, NULL, NULL, '1', NULL),
(NULL, 'HASHES', 'DILEMMA', NULL, NULL, NULL, NULL, '2', NULL),
(NULL, 'SHEETS', 'CONTROL', NULL, NULL, NULL, NULL, '2', NULL),
(NULL, 'TENANT', 'EYEBROW', NULL, NULL, NULL, NULL, '2', NULL),
(NULL, 'TESTES', 'RECEIPT', NULL, NULL, NULL, NULL, '2', NULL),
(NULL, 'TEASET', 'SURFACE', NULL, NULL, NULL, NULL, '3', NULL),
(NULL, 'STATES', 'TRAGEDY', NULL, NULL, NULL, NULL, '3', NULL),
(NULL, 'SHOOTS', 'ADVISER', NULL, NULL, NULL, NULL, '3', NULL),
(NULL, 'ESTATES', 'REALITY', NULL, NULL, NULL, NULL, '3', NULL),
(NULL, 'TOOTHS', 'REVENGE', NULL, NULL, NULL, NULL, '4', NULL),
(NULL, 'THETAS', 'COLLEGE', NULL, NULL, NULL, NULL, '4', NULL),
(NULL, 'HONEST', 'PUDDING', NULL, NULL, NULL, NULL, '4', NULL),
(NULL, 'NOTATE', 'PUMPKIN', NULL, NULL, NULL, NULL, '4', NULL),
(NULL, 'ETHOS', 'SUPPORT', NULL, NULL, NULL, NULL, '5', NULL),
(NULL, 'HOSES', 'CERTAIN', NULL, NULL, NULL, NULL, '5', NULL),
(NULL, 'OATHS', 'SECTION', NULL, NULL, NULL, NULL, '5', NULL),
(NULL, 'NOONE', 'PASTURE', NULL, NULL, NULL, NULL, '5', NULL),
(NULL, 'SHEET', 'GLACIER', NULL, NULL, NULL, NULL, '6', NULL),
(NULL, 'EATEN', 'RELEASE', NULL, NULL, NULL, NULL, '6', NULL),
(NULL, 'NOTES', 'FEATHER', NULL, NULL, NULL, NULL, '6', NULL),
(NULL, 'STONE', 'SECULAR', NULL, NULL, NULL, NULL, '6', NULL),
(NULL, 'TOAST', 'WRESTLE', NULL, NULL, NULL, NULL, '7', NULL),
(NULL, 'TESTS', 'HOLIDAY', NULL, NULL, NULL, NULL, '7', NULL),
(NULL, 'SEASON', 'SCRATCH', NULL, NULL, NULL, NULL, '7', NULL),
(NULL, 'SONNET', 'PYRAMID', NULL, NULL, NULL, NULL, '7', NULL),
(NULL, 'ATONES', 'DESPAIR', NULL, NULL, NULL, NULL, '8', NULL),
(NULL, 'AEONS', 'COMPACT', NULL, NULL, NULL, NULL, '8', NULL),
(NULL, 'ASSET', 'SPEAKER', NULL, NULL, NULL, NULL, '8', NULL),
(NULL, 'ONSET', 'PASSION', NULL, NULL, NULL, NULL, '8', NULL),
(NULL, 'NOSES', 'DICTATE', NULL, NULL, NULL, NULL, '9', NULL),
(NULL, 'TOONS', 'DIAMOND', NULL, NULL, NULL, NULL, '9', NULL),
(NULL, 'STATS', 'VARIANT', NULL, NULL, NULL, NULL, '9', NULL),
(NULL, 'HASNT', 'SOCIETY', NULL, NULL, NULL, NULL, '10', NULL),
(NULL, 'HATES', 'EXPLOIT', NULL, NULL, NULL, NULL, '10', NULL),
(NULL, 'TENSE', 'SPEAKER', NULL, NULL, NULL, NULL, '10', NULL),
(NULL, 'SENSE', 'CUNNING', NULL, NULL, NULL, NULL, '10', NULL),
(NULL, 'SATEEN', 'MORNING', NULL, NULL, NULL, NULL, '11', NULL),
(NULL, 'SOOTHES', 'DEFICIT', NULL, NULL, NULL, NULL, '11', NULL),
(NULL, 'ONENESS', 'MONARCH', NULL, NULL, NULL, NULL, '11', NULL),
(NULL, 'SHEATHS', 'PRODUCT', NULL, NULL, NULL, NULL, '11', NULL),
(NULL, 'HOTNESS', 'MINIMUM', NULL, NULL, NULL, NULL, '12', NULL),
(NULL, 'EASES', 'ENHANCE', NULL, NULL, NULL, NULL, '12', NULL),
(NULL, 'TENETS', 'TRAINER', NULL, NULL, NULL, NULL, '12', NULL),
(NULL, 'TEASES', 'PROBLEM', NULL, NULL, NULL, NULL, '12', NULL),
(NULL, 'THEANT', 'PERSIST', NULL, NULL, NULL, NULL, '13', NULL),
(NULL, 'ANNOTATES', 'OPINION', NULL, NULL, NULL, NULL, '13', NULL),
(NULL, 'HEATHENS', 'REALITY', NULL, NULL, NULL, NULL, '13', NULL),
(NULL, 'SOOTHEST', 'PAINTER', NULL, NULL, NULL, NULL, '13', NULL),
(NULL, 'TESTOONS', 'BARGAIN', NULL, NULL, NULL, NULL, '14', NULL),
(NULL, 'TOESHOES', 'WARRANT', NULL, NULL, NULL, NULL, '14', NULL),
(NULL, 'NEONATES', 'INCLUDE', NULL, NULL, NULL, NULL, '14', NULL),
(NULL, 'NEATNESS', 'MONSTER', NULL, NULL, NULL, NULL, '14', NULL),
(NULL, 'ENSHEATH', 'HABITAT', NULL, NULL, NULL, NULL, '15', NULL),
(NULL, 'ASSONATE', 'SOLDIER', NULL, NULL, NULL, NULL, '15', NULL),
(NULL, 'HOSANNAS', 'SWEATER', NULL, NULL, NULL, NULL, '15', NULL),
(NULL, 'TOSTONES', 'ARTICLE', NULL, NULL, NULL, NULL, '15', NULL),
(NULL, 'ETHNOSES', 'LECTURE', NULL, NULL, NULL, NULL, '16', NULL),
(NULL, 'THANATOS', 'STADIUM', NULL, NULL, NULL, NULL, '16', NULL),
(NULL, 'TANNATES', 'SYMPTOM', NULL, NULL, NULL, NULL, '16', NULL),
(NULL, 'ANTHESES', 'GLIMPSE', NULL, NULL, NULL, NULL, '16', NULL),
(NULL, 'ANNATTO', 'CLARITY', NULL, NULL, NULL, NULL, '17', NULL),
(NULL, 'TENSEST', 'CHARITY', NULL, NULL, NULL, NULL, '17', NULL),
(NULL, 'TENANTS', 'FORMULA', NULL, NULL, NULL, NULL, '17', NULL),
(NULL, 'TANNEST', 'RECYCLE', NULL, NULL, NULL, NULL, '17', NULL),
(NULL, 'SOONEST', 'HOSTILE', NULL, NULL, NULL, NULL, '18', NULL),
(NULL, 'SONATAS', 'MESSAGE', NULL, NULL, NULL, NULL, '18', NULL),
(NULL, 'SONANTS', 'CONTENT', NULL, NULL, NULL, NULL, '18', NULL),
(NULL, 'SNATHES', 'CALORIE', NULL, NULL, NULL, NULL, '18', NULL),
(NULL, 'SHOTTEN', 'EXPLOIT', NULL, NULL, NULL, NULL, '19', NULL),
(NULL, 'SENSATE', 'SAUSAGE', NULL, NULL, NULL, NULL, '19', NULL),
(NULL, 'SENNETS', 'PEASANT', NULL, NULL, NULL, NULL, '19', NULL),
(NULL, 'SENATES', 'EXCLUDE', NULL, NULL, NULL, NULL, '19', NULL),
(NULL, 'SATEENS', 'COMFORT', NULL, NULL, NULL, NULL, '20', NULL),
(NULL, 'SANTONS', 'MISSILE', NULL, NULL, NULL, NULL, '20', NULL),
(NULL, 'NEATEST', 'DEPREIVE', NULL, NULL, NULL, NULL, '20', NULL),
(NULL, 'NEATENS', 'MANAGER', NULL, NULL, NULL, NULL, '20', NULL),
(NULL, 'HONNETE', 'RAILCAR', NULL, NULL, NULL, NULL, '21', NULL),
(NULL, 'HASTENS', 'SPLURGE', NULL, NULL, NULL, NULL, '21', NULL),
(NULL, 'HASTATE', 'GENERAL', NULL, NULL, NULL, NULL, '21', NULL),
(NULL, 'ETHOSES', 'HOSTAGE', NULL, NULL, NULL, NULL, '21', NULL),
(NULL, 'HONANS', 'INQUIRY', NULL, NULL, NULL, NULL, '24', NULL),
(NULL, 'HOOHAS', 'CONVICT', NULL, NULL, NULL, NULL, '24', NULL),
(NULL, 'SHEESH', 'ALCOHOL', NULL, NULL, NULL, NULL, '24', NULL),
(NULL, 'SHONEN', 'DENSITY', NULL, NULL, NULL, NULL, '24', NULL);


INSERT INTO `periods` (`id`, `title`, `started`, `ended`, `next_periods_id`) VALUES
(1, '1. Season', NULL, NULL, 2),
(2, '2. Season', NULL, NULL, 3),
(3, '3. Season', NULL, NULL, 4),
(4, '4. Season', NULL, NULL, 5),
(5, '5. Season', NULL, NULL, 6),
(6, '6. Season', NULL, NULL, NULL),
(7, '0. Season', NULL, NULL, NULL);

-- First season score target values
INSERT INTO `score_type2period` (`id`, `score_type_id`, `period_id`, `currentTotal`, `target`, `overflow`, `event`) VALUES
    (NULL, '2', '1', '0', '60', '0', '0'),
    (NULL, '3', '1', '0', '50', '0', '0'),
    (NULL, '4', '1', '0', '70', '0', '0');


INSERT INTO `castles` (`id`, `title`, `latitude`, `longitude`, `team_id`, `color`) VALUES
('1', 'D akmeņi', NULL, NULL, NULL, NULL),
('2', 'R kalns', NULL, NULL, NULL, NULL),
('3', 'A izcirtuma stūris', NULL, NULL, NULL, NULL),
('4', 'Z krustojums', NULL, NULL, NULL, NULL),
('5', 'ZA izcirtuma stūris', NULL, NULL, NULL, NULL),
('6', 'DA pie karjera', NULL, NULL, NULL, NULL);

INSERT INTO `teams` (`id`, `castle_id`, `title`, `color`, `flag_status_id`, `available_eq`, `flag_registration_id`) VALUES
(1, '1', 'Lynx', 'orange', 3, NULL, NULL),
(2, '2', 'Bears', 'green', 3, NULL, NULL),
(3, '3', 'Salamanders', 'gold', 3, NULL, NULL),
(4, '4', 'Monkeys', 'pink', 3, NULL, NULL),
(5, '5', 'Raccoons', 'red', 3, NULL, NULL),
(6, '6', 'Wolfs', 'blue', 3, NULL, NULL);

INSERT INTO `workshops` (`id`, `team_id`, `kit_type_id`, `type_id`, `exist`, `is_active`) VALUES
('1', '1', '1', '1', '1', '0'),
('2', '1', '2', '4', '1', '0'),
('3', '1', '3', '7', '1', '0'),
('4', '2', '1', '1', '1', '0'),
('5', '2', '2', '4', '1', '0'),
('6', '2', '3', '7', '1', '0'),
('7', '3', '1', '1', '1', '0'),
('8', '3', '2', '4', '1', '0'),
('9', '3', '3', '7', '1', '0'),
('10', '4', '1', '1', '1', '0'),
('11', '4', '2', '4', '1', '0'),
('12', '4', '3', '7', '1', '0'),
('13', '5', '1', '1', '1', '0'),
('14', '5', '2', '4', '1', '0'),
('15', '5', '3', '7', '1', '0'),
('16', '6', '1', '1', '1', '0'),
('17', '6', '2', '4', '1', '0'),
('18', '6', '3', '7', '1', '0');

INSERT INTO `workshop_kit` (`id`, `type_id`, `team_id`, `workshop_id`) VALUES
(1, 1, 1, 1),
(2, 2, 1, 2),
(3, 3, 1, 3),
(4, 1, 2, 4),
(5, 2, 2, 5),
(6, 3, 2, 6),
(7, 1, 3, 7),
(8, 2, 3, 8),
(9, 3, 3, 9),
(10, 1, 4, 10),
(11, 2, 4, 11),
(12, 3, 4, 12),
(13, 1, 5, 13),
(14, 2, 5, 14),
(15, 3, 5, 15),
(16, 1, 6, 16),
(17, 2, 6, 17),
(18, 3, 6, 18),
(19, 1, NULL, NULL),
(20, 2, NULL, NULL),
(21, 3, NULL, NULL);

INSERT INTO `resource_total` (`id`, `team_id`, `resource_type_id`, `total_amount`, `available_amount`, `locked_amount`, `spent_amount`) VALUES
(NULL, 1, 1, 6, 6, 0, 0),
(NULL, 1, 2, 6, 6, 0, 0),
(NULL, 1, 3, 6, 6, 0, 0),
(NULL, 1, 4, 6, 6, 0, 0),
(NULL, 1, 5, 0, 0, 0, 0),
(NULL, 1, 6, 6, 6, 0, 0),
(NULL, 1, 7, 0, 0, 0, 0),
(NULL, 1, 8, 0, 0, 0, 0),
(NULL, 1, 9, 0, 0, 0, 0),
(NULL, 1, 10, 0, 0, 0, 0),
(NULL, 2, 1, 6, 6, 0, 0),
(NULL, 2, 2, 6, 6, 0, 0),
(NULL, 2, 3, 6, 6, 0, 0),
(NULL, 2, 4, 6, 6, 0, 0),
(NULL, 2, 5, 0, 0, 0, 0),
(NULL, 2, 6, 6, 6, 0, 0),
(NULL, 2, 7, 0, 0, 0, 0),
(NULL, 2, 8, 0, 0, 0, 0),
(NULL, 2, 9, 0, 0, 0, 0),
(NULL, 2, 10, 0, 0, 0, 0),
(NULL, 3, 1, 6, 6, 0, 0),
(NULL, 3, 2, 6, 6, 0, 0),
(NULL, 3, 3, 6, 6, 0, 0),
(NULL, 3, 4, 6, 6, 0, 0),
(NULL, 3, 5, 0, 0, 0, 0),
(NULL, 3, 6, 6, 6, 0, 0),
(NULL, 3, 7, 0, 0, 0, 0),
(NULL, 3, 8, 0, 0, 0, 0),
(NULL, 3, 9, 0, 0, 0, 0),
(NULL, 3, 10, 0, 0, 0, 0),
(NULL, 4, 1, 6, 6, 0, 0),
(NULL, 4, 2, 6, 6, 0, 0),
(NULL, 4, 3, 6, 6, 0, 0),
(NULL, 4, 4, 6, 6, 0, 0),
(NULL, 4, 5, 0, 0, 0, 0),
(NULL, 4, 6, 6, 6, 0, 0),
(NULL, 4, 7, 0, 0, 0, 0),
(NULL, 4, 8, 0, 0, 0, 0),
(NULL, 4, 9, 0, 0, 0, 0),
(NULL, 4, 10, 0, 0, 0, 0),
(NULL, 5, 1, 6, 6, 0, 0),
(NULL, 5, 2, 6, 6, 0, 0),
(NULL, 5, 3, 6, 6, 0, 0),
(NULL, 5, 4, 6, 6, 0, 0),
(NULL, 5, 5, 0, 0, 0, 0),
(NULL, 5, 6, 6, 6, 0, 0),
(NULL, 5, 7, 0, 0, 0, 0),
(NULL, 5, 8, 0, 0, 0, 0),
(NULL, 5, 9, 0, 0, 0, 0),
(NULL, 5, 10, 0, 0, 0, 0),
(NULL, 6, 1, 6, 6, 0, 0),
(NULL, 6, 2, 6, 6, 0, 0),
(NULL, 6, 3, 6, 6, 0, 0),
(NULL, 6, 4, 6, 6, 0, 0),
(NULL, 6, 5, 0, 0, 0, 0),
(NULL, 6, 6, 6, 6, 0, 0),
(NULL, 6, 7, 0, 0, 0, 0),
(NULL, 6, 8, 0, 0, 0, 0),
(NULL, 6, 9, 0, 0, 0, 0),
(NULL, 6, 10, 0, 0, 0, 0);

INSERT INTO `recipe` (`id`, `title`, `created_first_id`, `score_reason_id`) VALUES
(1, NULL, NULL, 31),
(2, NULL, NULL, 31),
(3, NULL, NULL, 31),
(4, NULL, NULL, 31),
(5, NULL, NULL, 31),
(6, NULL, NULL, 31),
(7, NULL, NULL, 31),
(8, NULL, NULL, 31),
(9, NULL, NULL, 31),
(10, NULL, NULL, 31),
(11, NULL, NULL, 31),
(12, NULL, NULL, 31),
(13, NULL, NULL, 31),
(14, NULL, NULL, 31),
(15, NULL, NULL, 31),
(16, NULL, NULL, 31),
(17, NULL, NULL, 31),
(18, NULL, NULL, 31),
(19, NULL, NULL, 31),
(20, NULL, NULL, 31),
(21, NULL, NULL, 32),
(22, NULL, NULL, 32),
(23, NULL, NULL, 32),
(24, NULL, NULL, 32),
(25, NULL, NULL, 32),
(26, NULL, NULL, 32),
(27, NULL, NULL, 32),
(28, NULL, NULL, 32),
(29, NULL, NULL, 32),
(30, NULL, NULL, 32),
(31, NULL, NULL, 32),
(32, NULL, NULL, 32),
(33, NULL, NULL, 32),
(34, NULL, NULL, 32),
(35, NULL, NULL, 32),
(36, NULL, NULL, 33),
(37, NULL, NULL, 33),
(38, NULL, NULL, 33),
(39, NULL, NULL, 33),
(40, NULL, NULL, 33),
(41, NULL, NULL, 33),
(42, NULL, NULL, 34);

-- 20 + 15 + 6 + 1
INSERT INTO `recipe2resource` (`recipe_id`, `resource_id`) VALUES
( 1, 5), ( 1, 6), ( 1, 7),
( 2, 5), ( 2, 6),          ( 2, 8),
( 3, 5), ( 3, 6),                   ( 3, 9),
( 4, 5), ( 4, 6),                            ( 4, 10),
( 5, 5),          ( 5, 7), ( 5, 8),
( 6, 5),          ( 6, 7),          ( 6, 9),
( 7, 5),          ( 7, 7),                   ( 7, 10),
( 8, 5),                   ( 8, 8), ( 8, 9),
( 9, 5),                   ( 9, 8),          ( 9, 10),
(10, 5),                            (10, 9), (10, 10),
         (11, 6), (11, 7), (11, 8),
         (12, 6), (12, 7),          (12, 9),
         (13, 6), (13, 7),                   (13, 10),
         (14, 6),          (14, 8), (14, 9),
         (15, 6),          (15, 8),          (15, 10),
         (16, 6),                   (16, 9), (16, 10),
                  (17, 7), (17, 8), (17, 9),
                  (18, 7), (18, 8),          (18, 10),
                  (19, 7),          (19, 9), (19, 10),
                           (20, 8), (20, 9), (20, 10),
(21, 5), (21, 6), (21, 7), (21, 8),
(22, 5), (22, 6), (22, 7),          (22, 9),
(23, 5), (23, 6), (23, 7),                   (23, 10),
(24, 5), (24, 6),          (24, 8), (24, 9),
(25, 5), (25, 6),          (25, 8),          (25, 10),
(26, 5), (26, 6),                   (26, 9), (26, 10),
(27, 5),          (27, 7), (27, 8), (27, 9),
(28, 5),          (28, 7), (28, 8),          (28, 10),
(29, 5),          (29, 7),          (29, 9), (29, 10),
(30, 5),                   (30, 8), (30, 9), (30, 10),
         (31, 6), (31, 7), (31, 8), (31, 9),
         (32, 6), (32, 7), (32, 8),          (32, 10),
         (33, 6), (33, 7),          (33, 9), (33, 10),
         (34, 6),          (34, 8), (34, 9), (34, 10),
                  (35, 7), (35, 8), (35, 9), (35, 10),
(36, 5), (36, 6), (36, 7), (36, 8), (36, 9),
(37, 5), (37, 6), (37, 7), (37, 8),          (37, 10),
(38, 5), (38, 6), (38, 7),          (38, 9), (38, 10),
(39, 5), (39, 6),          (39, 8), (39, 9), (39, 10),
(40, 5),          (40, 7), (40, 8), (40, 9), (40, 10),
         (41, 6), (41, 7), (41, 8), (41, 9), (41, 10),
(42, 5), (42, 6), (42, 7), (42, 8), (42, 9), (42, 10);


INSERT INTO `feast_token` (`id`, `created`, `team_id`, `is_used`, `used_at`, `size`, `period_id`) VALUES
(NULL, CURRENT_TIMESTAMP, '1', '0', NULL, '1', 1),
(NULL, CURRENT_TIMESTAMP, '2', '0', NULL, '1', 1),
(NULL, CURRENT_TIMESTAMP, '3', '0', NULL, '1', 1),
(NULL, CURRENT_TIMESTAMP, '4', '0', NULL, '1', 1),
(NULL, CURRENT_TIMESTAMP, '5', '0', NULL, '1', 1),
(NULL, CURRENT_TIMESTAMP, '6', '0', NULL, '1', 1);

-- Admins --
INSERT INTO `users` (`id`, `name`, `display_name`, `team_id`, `qr_id`, `created`, `email`, `is_admin`, `admin_password`, `qr_code`, `equipment_points`, `auth_token`, `sex`) VALUES
(NULL, 'Rota Kalniņa', 'Rota', NULL, NULL, CURRENT_TIMESTAMP, 'rota@bruna.lv', '1', NULL, NULL, '0', '', 'female'),
(NULL, 'Kalvis Kalniņš', 'Kalvis K', NULL, NULL, CURRENT_TIMESTAMP, 'kalvis@kalvis.lv', '1', NULL, NULL, '0', '', 'male'),
(NULL, 'Aivis Lisovskis', 'Aivis', NULL, NULL, CURRENT_TIMESTAMP, 'aivis@aivis.lv', '1', '$2y$10$4n8DDmMtmBxnSR3sTqkIm.omY6iehSl0qxDtysLOkWg91Ca9Sm5Ti', NULL, '0', '', 'male'),
(NULL, 'Testa Lietotājs', 'Aivis', NULL, NULL, CURRENT_TIMESTAMP, 'test', '1', '$2y$10$4n8DDmMtmBxnSR3sTqkIm.omY6iehSl0qxDtysLOkWg91Ca9Sm5Ti', NULL, '0', '', 'male'),
(NULL, 'Andrievs Auseklis Auziņš', 'Andrievs', NULL, NULL, CURRENT_TIMESTAMP, NULL, '1', NULL, NULL, '0', '', 'male'),
(NULL, 'Alise Bērziņa', 'Alise B', NULL, NULL, CURRENT_TIMESTAMP, NULL, '1', NULL, NULL, '0', '', 'female'),
(NULL, 'Artjoms Elons Tatsu', 'Elon', NULL, NULL, CURRENT_TIMESTAMP, NULL, '1', NULL, NULL, '0', '', 'male'),
(NULL, 'Edgars Tīkmers', 'Tīcis', NULL, NULL, CURRENT_TIMESTAMP, NULL, '1', NULL, NULL, '0', '', 'male'),
(NULL, 'Jānis Lapiņš', 'Lapiņš', NULL, NULL, CURRENT_TIMESTAMP, NULL, '1', NULL, NULL, '0', '', 'male'),
(NULL, 'Kalvis Lauberts', 'Kalvis L', NULL, NULL, CURRENT_TIMESTAMP, NULL, '1', NULL, NULL, '0', '', 'male'),
(NULL, 'Arta Elizabete Zēna', 'Arta', NULL, NULL, CURRENT_TIMESTAMP, NULL, '1', NULL, NULL, '0', '', 'female'),
(NULL, 'Aleksis Ozoliņš', 'Aleksis', NULL, NULL, CURRENT_TIMESTAMP, NULL, '1', NULL, NULL, '0', '', 'male');
-- Factionless --
INSERT INTO `users` (`id`, `name`, `display_name`, `team_id`, `qr_id`, `created`, `email`, `is_admin`, `admin_password`, `qr_code`, `equipment_points`, `auth_token`, `sex`) VALUES
(NULL, 'Alise Frīdmane', 'Alise', NULL, NULL, CURRENT_TIMESTAMP, NULL, '1', NULL, NULL, '0', '', 'female'),
(NULL, 'Artjoms Horosilovs', 'Arty', NULL, NULL, CURRENT_TIMESTAMP, NULL, '1', NULL, NULL, '0', '', 'male'),
(NULL, 'Austris Lauberts', 'Austris', NULL, NULL, CURRENT_TIMESTAMP, NULL, '1', NULL, NULL, '0', '', 'male'),
(NULL, 'Baiba Vītola', 'Baiba', NULL, NULL, CURRENT_TIMESTAMP, NULL, '1', NULL, NULL, '0', '', 'female'),
(NULL, 'Hardijs Kalniņš', 'Zayer', NULL, NULL, CURRENT_TIMESTAMP, NULL, '1', NULL, NULL, '0', '', 'male'),
(NULL, 'Ieva Balode', 'Ieva', NULL, NULL, CURRENT_TIMESTAMP, NULL, '1', NULL, NULL, '0', '', 'female'),
(NULL, 'Marita Vītola', 'Marita', NULL, NULL, CURRENT_TIMESTAMP, NULL, '1', NULL, NULL, '0', '', 'female'),
(NULL, 'Mārtiņš Inda', 'Mārtiņš', NULL, NULL, CURRENT_TIMESTAMP, NULL, '1', NULL, NULL, '0', '', 'male'),
(NULL, 'Oskars Sjomkāns', 'Oskars', NULL, NULL, CURRENT_TIMESTAMP, NULL, '1', NULL, NULL, '0', '', 'male');
-- Lynx --
INSERT INTO `users` (`id`, `name`, `display_name`, `team_id`, `qr_id`, `created`, `email`, `is_admin`, `admin_password`, `qr_code`, `equipment_points`, `auth_token`, `sex`) VALUES
(NULL, 'Alfrēds Auziņš', 'Alfrēds', '1', NULL, CURRENT_TIMESTAMP, NULL, '0', NULL, NULL, '0', '', 'male'),
(NULL, 'Artis Galvanovskis', 'Artis', '1', NULL, CURRENT_TIMESTAMP, NULL, '0', NULL, NULL, '0', '', 'male'),
(NULL, 'Ernests Tomass Auziņš', 'Ernests', '1', NULL, CURRENT_TIMESTAMP, NULL, '0', NULL, NULL, '0', '', 'male'),
(NULL, 'Jānis Plūme', 'Jānis', '1', NULL, CURRENT_TIMESTAMP, NULL, '0', NULL, NULL, '0', '', 'male'),
(NULL, 'Jēkabs Frīdmanis', 'Jēkabs', '1', NULL, CURRENT_TIMESTAMP, NULL, '0', NULL, NULL, '0', '', 'male'),
(NULL, 'Kristaps Silbaums', 'Kristaps', '1', NULL, CURRENT_TIMESTAMP, NULL, '0', NULL, NULL, '0', '', 'male'),
(NULL, 'Paula Lilienfelde', 'Paula', '1', NULL, CURRENT_TIMESTAMP, NULL, '0', NULL, NULL, '0', '', 'female'),
(NULL, 'Sabīne Rasa Vīra', 'Rasa', '1', NULL, CURRENT_TIMESTAMP, NULL, '0', NULL, NULL, '0', '', 'female'),
(NULL, 'Vineta Vērpēja', 'Vineta', '1', NULL, CURRENT_TIMESTAMP, NULL, '0', NULL, NULL, '0', '', 'female');
-- Bears --
INSERT INTO `users` (`id`, `name`, `display_name`, `team_id`, `qr_id`, `created`, `email`, `is_admin`, `admin_password`, `qr_code`, `equipment_points`, `auth_token`, `sex`) VALUES
(NULL, 'Ance Zveja', 'Ance', '2', NULL, CURRENT_TIMESTAMP, NULL, '0', NULL, NULL, '0', '', 'female'),
(NULL, 'Ēriks Zālmanis', 'Ēriks', '2', NULL, CURRENT_TIMESTAMP, NULL, '0', NULL, NULL, '0', '', 'male'),
(NULL, 'Jānis Muižnieks', 'Muižnieks', '2', NULL, CURRENT_TIMESTAMP, NULL, '0', NULL, NULL, '0', '', 'male'),
(NULL, 'Kārlis Vilhelms Vēbers', 'Kārlis', '2', NULL, CURRENT_TIMESTAMP, NULL, '0', NULL, NULL, '0', '', 'male'),
(NULL, 'Pēteris Ronis', 'Ronis', '2', NULL, CURRENT_TIMESTAMP, NULL, '0', NULL, NULL, '0', '', 'male'),
(NULL, 'Santa Klodāne', 'Santa', '2', NULL, CURRENT_TIMESTAMP, NULL, '0', NULL, NULL, '0', '', 'female'),
(NULL, 'Toms Deimonds Barvidis', 'Toms', '2', NULL, CURRENT_TIMESTAMP, NULL, '0', NULL, NULL, '0', '', 'male'),
(NULL, 'Emīls Kalderauskis', 'Emīls', '2', NULL, CURRENT_TIMESTAMP, NULL, '0', NULL, NULL, '0', '', 'male'),
(NULL, 'Ēriks Zālmanis', 'Ēriks', '2', NULL, CURRENT_TIMESTAMP, NULL, '0', NULL, NULL, '0', '', 'male'),
(NULL, 'Evija Fokrote', 'Evija', '2', NULL, CURRENT_TIMESTAMP, NULL, '0', NULL, NULL, '0', '', 'female');
-- Salamanders --
INSERT INTO `users` (`id`, `name`, `display_name`, `team_id`, `qr_id`, `created`, `email`, `is_admin`, `admin_password`, `qr_code`, `equipment_points`, `auth_token`, `sex`) VALUES
(NULL, 'Чингиз Акматов', 'Чингиз', '3', NULL, CURRENT_TIMESTAMP, NULL, '0', NULL, NULL, '0', '', 'male'),
(NULL, 'Maija Brasava', 'Maija', '3', NULL, CURRENT_TIMESTAMP, NULL, '0', NULL, NULL, '0', '', 'female'),
(NULL, 'Sandra Boguša', 'Sandra', '3', NULL, CURRENT_TIMESTAMP, 'sbogusa@gmail.com', '0', NULL, NULL, '0', '', 'female');
-- Monkeys --
INSERT INTO `users` (`id`, `name`, `display_name`, `team_id`, `qr_id`, `created`, `email`, `is_admin`, `admin_password`, `qr_code`, `equipment_points`, `auth_token`, `sex`) VALUES
(NULL, 'Kārlis Starks', 'Kārlis', '4', NULL, CURRENT_TIMESTAMP, NULL, '0', NULL, NULL, '0', '', 'male'),
(NULL, 'Ričards Vīdners', 'Ričards', '4', NULL, CURRENT_TIMESTAMP, NULL, '0', NULL, NULL, '0', '', 'male'),
(NULL, 'Māris Ozolājs', 'Māris', '4', NULL, CURRENT_TIMESTAMP, NULL, '0', NULL, NULL, '0', '', 'male'),
(NULL, 'Reinis Jurģis Sevelis', 'Reinis', '4', NULL, CURRENT_TIMESTAMP, NULL, '0', NULL, NULL, '0', '', 'male'),
(NULL, 'Anrijs Dovbņa', 'Anrijs', '4', NULL, CURRENT_TIMESTAMP, NULL, '0', NULL, NULL, '0', '', 'male'),
(NULL, 'Dārta Smaine', 'Dārta', '4', NULL, CURRENT_TIMESTAMP, NULL, '0', NULL, NULL, '0', '', 'female'),
(NULL, 'Rolands Lukstraups', 'Rolands', '4', NULL, CURRENT_TIMESTAMP, NULL, '0', NULL, NULL, '0', '', 'male');
-- Raccoons --
INSERT INTO `users` (`id`, `name`, `display_name`, `team_id`, `qr_id`, `created`, `email`, `is_admin`, `admin_password`, `qr_code`, `equipment_points`, `auth_token`, `sex`) VALUES
(NULL, 'Roberts Ivanovs', 'Roberts', '5', NULL, CURRENT_TIMESTAMP, NULL, '0', NULL, NULL, '0', '', 'male'),
(NULL, 'Evija Zandberga', 'Sindra', '5', NULL, CURRENT_TIMESTAMP, NULL, '0', NULL, NULL, '0', '', 'female'),
(NULL, 'Jānis Sprukts', 'Spoks', '5', NULL, CURRENT_TIMESTAMP, NULL, '0', NULL, NULL, '0', '', 'male'),
(NULL, 'Arina Solovjova', 'Arina', '5', NULL, CURRENT_TIMESTAMP, NULL, '0', NULL, NULL, '0', '', 'female'),
(NULL, 'Līva Brunovska', 'Līva', '5', NULL, CURRENT_TIMESTAMP, NULL, '0', NULL, NULL, '0', '', 'female'),
(NULL, 'Arina Solovjova', 'Arina', '5', NULL, CURRENT_TIMESTAMP, NULL, '0', NULL, NULL, '0', '', 'female'),
(NULL, 'Kristofers Volkovs', 'Kristofers', '5', NULL, CURRENT_TIMESTAMP, NULL, '0', NULL, NULL, '0', '', 'male'),
(NULL, 'Lauma Apine', 'Lauma', '5', NULL, CURRENT_TIMESTAMP, NULL, '0', NULL, NULL, '0', '', 'female'),
(NULL, 'Ronalds Palacis', 'Ronalds', '5', NULL, CURRENT_TIMESTAMP, NULL, '0', NULL, NULL, '0', '', 'male');
-- Wolfs --
INSERT INTO `users` (`id`, `name`, `display_name`, `team_id`, `qr_id`, `created`, `email`, `is_admin`, `admin_password`, `qr_code`, `equipment_points`, `auth_token`, `sex`) VALUES
(NULL, 'Evija Kakšte', 'Evija', '6', NULL, CURRENT_TIMESTAMP, 'evy.m@e-apollo.lv', '0', NULL, NULL, '0', '', 'female'),
(NULL, 'Kristaps Baumanis', 'Grims', '6', NULL, CURRENT_TIMESTAMP, NULL, '0', NULL, NULL, '0', '', 'male'),
(NULL, 'Kristaps Krūtainis', 'Aksels', '6', NULL, CURRENT_TIMESTAMP, NULL, '0', NULL, NULL, '0', '', 'male'),
(NULL, 'Santa Šakela', 'Santa', '6', NULL, CURRENT_TIMESTAMP, NULL, '0', NULL, NULL, '0', '', 'female'),
(NULL, 'Sintija Makovska', 'Sintija', '6', NULL, CURRENT_TIMESTAMP, NULL, '0', NULL, NULL, '0', '', 'female'),
(NULL, 'Ernests Zariņš', 'Ernests', '6', NULL, CURRENT_TIMESTAMP, NULL, '0', NULL, NULL, '0', '', 'male'),
(NULL, 'Jānis Siliņš', 'Jančuks', '6', NULL, CURRENT_TIMESTAMP, NULL, '0', NULL, NULL, '0', '', 'male'),
(NULL, 'Reinis Jānis Kozuliņš', 'Reinis', '6', NULL, CURRENT_TIMESTAMP, NULL, '0', NULL, NULL, '0', '', 'male');

UPDATE `expansions` SET `owner_team_id` = '1', `showed` = '2021-08-14 07:00:01', `assignment_period_id` = '1' WHERE `id` = '37';
UPDATE `expansions` SET `owner_team_id` = '2', `showed` = '2021-08-14 07:00:01', `assignment_period_id` = '1' WHERE `id` = '86';
UPDATE `expansions` SET `owner_team_id` = '3', `showed` = '2021-08-14 07:00:01', `assignment_period_id` = '1' WHERE `id` = '13';
UPDATE `expansions` SET `owner_team_id` = '4', `showed` = '2021-08-14 07:00:01', `assignment_period_id` = '1' WHERE `id` = '45';
UPDATE `expansions` SET `owner_team_id` = '5', `showed` = '2021-08-14 07:00:01', `assignment_period_id` = '1' WHERE `id` = '29';
UPDATE `expansions` SET `owner_team_id` = '6', `showed` = '2021-08-14 07:00:01', `assignment_period_id` = '1' WHERE `id` = '8';

SET FOREIGN_KEY_CHECKS=1;
COMMIT;
